domain	distractor	prompt	number	answer	difficulty	raw_response	model_answer	loss	reasoning_tokens	call_seconds
currency	null	what is 900*0.9176470588	900.0	825.8823529411765	Easy	<answer>825.88235292</answer>	825.88235292	0.0	0	0.7923145294189453
currency	null	what is 260*9.7760255971	260.0	2541.766655239401	Easy	<answer>2547.766655246</answer>	2547.766655246	0.23605628763092407	0	1.0643253326416016
currency	null	what is 56.983*13.9066277031	56.983	792.4413664056107	Hard	<answer>792.5842246759623</answer>	792.5842246759623	0.0	0	0.6773343086242676
currency	null	what is 6.2831*2.4562907096	6.2831	15.433120157696264	Hard	<answer>15.4401049207</answer>	15.4401049207	0.0	0	2.233276128768921
