domain	distractor	prompt	number	answer	difficulty	raw_response	model_answer	loss	reasoning_tokens	call_seconds
temperature	null	what is ((1200-273.15)*9/5)+32	1200.0	1700.33	Easy	<answer>1700.33</answer>	1700.33	0.0	0	0.8134160041809082
temperature	null	what is ((25000-273.15)*9/5)+32	25000.0	44540.33	Easy	<answer>44880.33</answer>	44880.33	0.7633531228888515	0	0.7841205596923828
temperature	null	what is (0.0039-32)*5/9	0.0039	-17.77561111111111	Hard	<answer>-17.77327777777778</answer>	-17.77327777777778	0.0	0	0.7242441177368164
temperature	null	what is (15.932-273.15)	15.932	-257.218	Hard	<answer>-257.218</answer>	-257.218	0.0	0	1.1090946197509766
