domain	distractor	prompt	number	answer	difficulty	raw_response	model_answer	loss	reasoning_tokens	call_seconds
volume	null	what is 45*0.0208333195	45.0	0.9374993761833572	Easy	<answer>0.9374993775</answer>	0.9374993775	0.0	0	0.8711488246917725
volume	null	what is 250*0.0208333195	250.0	5.208329867685317	Easy	<answer>5.208329875</answer>	5.208329875	0.0	0	1.139657735824585
volume	null	what is 0.2994*4.9289216232	0.2994	1.4757191339776272	Hard	<answer>1.47672740869328</answer>	1.47672740869328	0.0	0	0.8067669868469238
volume	null	what is 0.00482*4.9289216232	0.00482	0.0237574022236879	Hard	<answer>0.023758019243904</answer>	0.023758019243904	0.0	0	0.7895500659942627
