domain	distractor	prompt	number	answer	difficulty
currency		what is 900*0.9176470588	900.0	825.8823529411765	Easy
currency		what is 260*9.7760255971	260.0	2541.766655239401	Easy
currency		what is 56.983*13.9066277031	56.983	792.4413664056107	Hard
currency		what is 6.2831*2.4562907096	6.2831	15.433120157696264	Hard
