domain	distractor	prompt	number	answer	difficulty
density		what is 950*2.767990e+04	950.0	26295909.47475388	Easy
density		what is 10*1000	10.0	10000.0	Easy
density		what is 273.15*1000	273.15	273150.0	Hard
density		what is 8492.5*0.016018463	8492.5	136.03679710063255	Hard
