domain	distractor	prompt	number	answer	difficulty
speed		what is 15*3.59999712	15.0	53.99995680003455	Easy
speed		what is 72*0.621371	72.0	44.738712	Easy
speed		what is 471.93*0.539957	471.93	254.82190701	Hard
speed		what is 14.142*3.59999712	14.142	50.91115927107258	Hard
