domain	distractor	prompt	number	answer	difficulty
volume		what is 45*0.0208333195	45.0	0.9374993761833572	Easy
volume		what is 250*0.0208333195	250.0	5.208329867685317	Easy
volume		what is 0.2994*4.9289216232	0.2994	1.4757191339776272	Hard
volume		what is 0.00482*4.9289216232	0.00482	0.0237574022236879	Hard
