model,language,correct,total,accuracy
gpt-4o,context_free,13665,18000,75.91666666666667
gpt-4o,english,13496,18000,74.97777777777777
gpt-4o,japanese,12912,18000,71.73333333333333
llama-4,context_free,16757,17489,95.81451197895821
llama-4,english,15999,17999,88.88827157064281
llama-4,japanese,15956,18000,88.64444444444445
qwen-coder,context_free,1880,2154,87.2794800371402
qwen-coder,english,14794,17997,82.2025893204423
qwen-coder,japanese,14903,17997,82.80824581874757
