model,language,correct,total,accuracy
deepseek-r1,context_free,2,2,100.0
gpt-4o,context_free,48,67,71.64179104477611
gpt-4o,english,49,67,73.13432835820896
gpt-4o,japanese,49,67,73.13432835820896
llama-4,context_free,66,67,98.50746268656717
llama-4,english,66,67,98.50746268656717
llama-4,japanese,63,67,94.02985074626866
qwen-coder,context_free,53,67,79.1044776119403
qwen-coder,english,43,67,64.17910447761194
qwen-coder,japanese,47,67,70.1492537313433
